{
  "P1": 0.0007466478088077695,
  "P2": 0.00014890108885156725,
  "P3": 0.0002159938295041677,
  "P4": 0.09641547326436756,
  "P5": 0.034003241726714116,
  "b1": 0.0003204149098391196,
  "b2": 0.0001306337713322632,
  "cf1": 0.0022934864626495202,
  "cf2": 0.003149671767859492,
  "eps": 0.05,
  "P6": 0.00021217563981785708,
  "d1": 2.490000419333225e-10,
  "d2": 1.1266104422919006e-08,
  "_meta": {
    "created": "20260721-231023",
    "script": "sysid_run3_fit.py",
    "data_files": [
      "system_id_data_202_20260720-022553.npz",
      "system_id_data_202_20260720-022553_hi.npz"
    ],
    "fit_names": [
      "P1",
      "P2",
      "P3",
      "P6",
      "P4",
      "P5",
      "b1",
      "b2",
      "cf1",
      "cf2",
      "d1",
      "d2"
    ],
    "train_sets": 14,
    "valid_sets": [
      "system_id_data_202_20260720-022553:free_q1=1.9",
      "system_id_data_202_20260720-022553_hi:oid_hi_long_09"
    ],
    "valid_rmse_deg": {
      "system_id_data_202_20260720-022553:free_q1=1.9": {
        "nominal": [
          14.4874,
          30.3498
        ],
        "identified": [
          4.015,
          7.6694
        ]
      },
      "system_id_data_202_20260720-022553_hi:oid_hi_long_09": {
        "nominal": [
          17.4804,
          19.1031
        ],
        "identified": [
          2.6586,
          6.9934
        ]
      }
    }
  }
}
